,label,area,centroid-0,centroid-1,major_axis_length,minor_axis_length,orientation,perimeter,max_intensity-0,max_intensity-1,max_intensity-2,mean_intensity-0,mean_intensity-1,mean_intensity-2,min_intensity-0,min_intensity-1,min_intensity-2
0,1,0.045087999999999996,50.4556422995032,265.875088715401,0.263470440805908,0.2207513104570185,-0.2169554390028457,0.8312935059634514,254.0,254.0,254.0,139.74769339957416,139.74769339957416,139.74769339957416,0.0,0.0,0.0
1,2,0.033184,170.43105110896818,259.11041465766635,0.29846436633350815,0.1449854823619476,0.5557880445489268,0.7979209229614209,253.0,253.0,253.0,123.74445515911283,123.74445515911283,123.74445515911283,0.0,0.0,0.0
2,3,0.036656,194.51200349192493,218.16717590571804,0.2639331984956757,0.184079386584147,-0.9536042129706372,0.7768326112068523,254.0,254.0,254.0,155.9899607158446,155.9899607158446,155.9899607158446,0.0,0.0,0.0
3,4,0.23790399999999998,303.1140628152532,1158.4694330486248,0.597741834527435,0.5172555120409937,-0.9938282944500434,2.065096679918781,254.0,254.0,254.0,195.29706099939472,195.29706099939472,195.29706099939472,0.0,0.0,0.0
4,5,0.057184,318.13850027979856,114.84443200895355,0.28522155425439005,0.26172734876040255,1.2872049838086546,0.9372346314604058,254.0,254.0,254.0,168.67571348628988,168.67571348628988,168.67571348628988,0.0,0.0,0.0
5,6,0.065424,391.66788945952555,299.6969919295671,0.3647669414619965,0.2341718755416061,0.3923497633930148,1.0472935059634516,254.0,254.0,254.0,162.72364881389092,162.72364881389092,162.72364881389092,0.0,0.0,0.0
6,7,0.029807999999999998,507.6360708534622,294.9071390230811,0.20103780012266584,0.19382479840246544,0.22517633516412586,0.6678132752230961,254.0,254.0,254.0,145.447128287708,145.447128287708,145.447128287708,0.0,0.0,0.0
7,8,0.124896,483.2737637714579,887.0604663079682,0.4369946763352042,0.37495316018424996,0.9521948066308769,1.4891656556895934,254.0,254.0,254.0,200.22802972072765,200.22802972072765,200.22802972072765,0.0,0.0,0.0
8,9,0.037168,473.60869565217394,334.15281962978906,0.2497606889150058,0.1946751905397755,0.6022798421684032,0.7686660889654819,254.0,254.0,254.0,150.9220835126991,150.9220835126991,150.9220835126991,0.0,0.0,0.0
9,10,0.02464,516.2733766233766,524.672077922078,0.1806955483102313,0.17508800343644831,-1.1680098926021345,0.5919310242291876,254.0,254.0,254.0,146.30584415584417,146.30584415584417,146.30584415584417,0.0,0.0,0.0
10,11,0.041408,553.5633693972179,280.20208655332306,0.27653648710144163,0.19641987824963217,-1.3735363241765932,0.810842712474619,254.0,254.0,254.0,163.86514683153013,163.86514683153013,163.86514683153013,0.0,0.0,0.0
11,12,0.024319999999999998,571.5098684210526,556.0769736842105,0.20132398518492486,0.156204979057439,0.7693698330963306,0.6014701294725885,254.0,254.0,254.0,152.26776315789473,152.26776315789473,152.26776315789473,0.0,0.0,0.0
12,13,0.054928,690.9140693271191,895.8799883483833,0.28600620220020206,0.2469627523524485,1.1987292310228475,0.9264894654563447,254.0,254.0,254.0,167.51500145645207,167.51500145645207,167.51500145645207,0.0,0.0,0.0
13,14,0.04056,663.367258382643,142.36686390532543,0.2767571720768642,0.19242097461114466,0.261038602064143,0.82038181771802,253.0,253.0,253.0,144.3207100591716,144.3207100591716,144.3207100591716,0.0,0.0,0.0
14,15,0.38817599999999997,571.9759696632456,414.0678455133754,0.7380516234902179,0.6831398606371043,0.47926196065400434,2.525880517890354,254.0,254.0,254.0,198.39610898149294,198.39610898149294,198.39610898149294,0.0,0.0,0.0
15,16,0.287568,660.1506148111056,300.3405664051633,0.6562540221316104,0.5662400272154233,0.7737899475070363,2.1647434329005066,254.0,254.0,254.0,180.37406109163746,180.37411673065154,180.37411673065154,0.0,0.0,0.0
16,17,0.307872,447.63236669784845,747.1150608044902,0.6822373405149992,0.5863900238419064,-0.8457930292081312,2.323606347910659,254.0,254.0,254.0,203.06911963413367,203.06911963413367,203.06911963413367,0.0,0.0,0.0
17,18,0.15995199999999998,530.6228868660598,606.9164749424828,0.49203009140339254,0.4250241469846941,0.0038924076772747056,1.585096679918781,254.0,254.0,254.0,207.07202160648194,207.07202160648194,207.07202160648194,0.0,0.0,0.0
18,19,0.153616,762.3216331632121,396.32496614935945,0.48068718666520943,0.40970812990536676,-0.8523919462651991,1.5833910524340096,254.0,254.0,254.0,173.2002916362879,173.2002916362879,173.2002916362879,0.0,0.0,0.0
19,20,0.22614399999999998,740.4678081222584,521.1176595443611,0.548870141447066,0.5387832960892665,-0.23996056292635903,1.9200571413994914,254.0,254.0,254.0,192.67744446016698,192.67744446016698,192.67744446016698,0.0,0.0,0.0
20,21,0.138336,848.6914179967615,480.25133009484153,0.5264252075855705,0.3454460355433062,0.6946244376711529,1.6208124086713187,254.0,254.0,254.0,185.61080268332177,185.61080268332177,185.61080268332177,0.0,0.0,0.0
21,22,0.21897599999999998,860.0623264650008,267.3330410638609,0.5890087359474039,0.48644603042184187,1.2199590300924954,1.979841845922842,254.0,254.0,254.0,174.63941253836038,174.63941253836038,174.63941253836038,0.0,0.0,0.0
22,23,0.153728,875.544442131557,397.88884263114073,0.5332998380149503,0.390047906320384,1.0520820272299947,1.6797930726875627,254.0,254.0,254.0,190.13499167360533,190.13499167360533,190.13499167360533,0.0,0.0,0.0
23,24,0.34328,839.6220461430902,101.85061757166162,0.7043638586786583,0.6311683256097178,-1.2034032865082547,2.4913708498984763,254.0,254.0,254.0,172.568352365416,172.568352365416,172.568352365416,0.0,0.0,0.0
24,25,0.183664,582.3997734994338,1095.0828469378866,0.5277278669117264,0.4490369210634052,0.6355347527040583,1.7489789309126893,254.0,254.0,254.0,197.44725150274414,197.44725150274414,197.44725150274414,0.0,0.0,0.0
25,26,0.152368,680.9829885540271,1046.4667646749974,0.4912746537662609,0.40480165166178467,0.16569741121591972,1.627606347910659,254.0,254.0,254.0,186.3482095978158,186.3482095978158,186.3482095978158,0.0,0.0,0.0
26,27,0.23759999999999998,454.3438383838384,1000.3139393939394,0.6539235650534508,0.4687296824562377,-0.00518370195892907,2.0303515139147197,254.0,254.0,254.0,196.16026936026935,196.16026936026935,196.16026936026935,0.0,0.0,0.0
27,28,0.27255999999999997,211.82524214851776,1029.9721749339594,0.6565778100477906,0.5455105669200018,0.4486039674948841,2.319253100892385,254.0,254.0,254.0,185.73842089815088,185.73842089815088,185.73842089815088,0.0,0.0,0.0
28,29,0.19894399999999998,168.53434132218112,1149.8118063374618,0.5738929733543059,0.4537225518273696,0.9310959453985709,1.8278418459228418,254.0,254.0,254.0,190.185861347917,190.185861347917,190.185861347917,0.0,0.0,0.0
29,30,0.07449599999999999,63.35438144329897,1097.3700601374571,0.3395583573697586,0.28267627469813505,-0.6184837643772985,1.0979696961967,254.0,254.0,254.0,187.25472508591065,187.25472508591065,187.25472508591065,0.0,0.0,0.0
30,31,0.070912,26.157039711191334,850.4054602888086,0.38265028800822004,0.24664370248132594,-1.4117660856849288,1.098842712474619,254.0,254.0,254.0,192.35063176895306,192.35063176895306,192.35063176895306,0.0,0.0,0.0
31,32,0.047984,38.09336445481827,771.5175058352784,0.26482332040057177,0.2318274923664475,0.2637149858914704,0.8293523804664972,254.0,254.0,254.0,164.7889296432144,164.7889296432144,164.7889296432144,0.0,0.0,0.0
32,33,0.09225599999999999,44.53381893860562,696.422650017343,0.38066975058577596,0.31247871091946755,0.7196597457522096,1.2014011537017761,254.0,254.0,254.0,191.63059313215402,191.63059313215402,191.63059313215402,0.0,0.0,0.0
33,34,0.038863999999999996,67.45162618361465,636.4092219020173,0.25744311752310717,0.19828292124365066,0.49099426554344305,0.7688326112068523,254.0,254.0,254.0,176.41169205434335,176.41169205434335,176.41169205434335,0.0,0.0,0.0
34,35,0.102528,101.93367665418228,595.5274656679151,0.43092138225178966,0.31986664655204883,0.8536237846569095,1.474940258945177,254.0,254.0,254.0,174.8375468164794,174.8375468164794,174.8375468164794,0.0,0.0,0.0
35,36,0.080464,23.329886657387153,591.6888049313978,0.46368564097312054,0.2316544142914837,-1.4958864401092575,1.2049503602129437,254.0,254.0,254.0,192.52833565321137,192.52833565321137,192.52833565321137,0.0,0.0,0.0
36,37,0.052896,74.46581972171809,527.3248638838476,0.33613834390979,0.20542967772057152,0.22697059993139415,0.9583229432149742,254.0,254.0,254.0,179.45372050816698,179.45372050816698,179.45372050816698,0.0,0.0,0.0
37,38,0.034592,25.183626271970397,475.21646623496764,0.2267071989952302,0.20323007540723717,-0.8850220561580537,0.7388427124746191,254.0,254.0,254.0,174.9759481961147,174.9759481961147,174.9759481961147,0.0,0.0,0.0
38,39,0.071264,31.89515042658285,409.8569824876515,0.35421705979627705,0.25908921409606434,-1.0752050764681589,1.0605483399593905,254.0,254.0,254.0,183.23013022002695,183.23013022002695,183.23013022002695,0.0,0.0,0.0
39,40,0.050176,41.08450255102041,332.99298469387753,0.2738908547981004,0.23693312555118856,1.3720812047359339,0.8763818177180199,254.0,254.0,254.0,158.77742346938774,158.77742346938774,158.77742346938774,0.0,0.0,0.0
40,41,0.242976,159.97240879757672,324.98762017647834,0.7220927630508743,0.44089798573077704,0.37935794631394304,2.113263202160151,254.0,254.0,254.0,190.75418148294483,190.75418148294483,190.75418148294483,0.0,0.0,0.0
41,42,0.300832,134.51420061695563,443.5789809594724,0.6553938586504713,0.6062542173662849,0.12854548222173268,2.352057141399491,254.0,254.0,254.0,192.36597170513775,192.36597170513775,192.36597170513775,0.0,0.0,0.0
42,43,1.6e-05,265.0,380.0,0.0,0.0,-0.7853981633974483,0.0,236.0,236.0,236.0,236.0,236.0,236.0,236.0,236.0,236.0
43,44,0.086544,315.02921057496764,413.2118691070438,0.3989803774160118,0.28927475524174984,0.16861810465671775,1.202940258945177,254.0,254.0,254.0,178.42817526344982,178.42817526344982,178.42817526344982,0.0,0.0,0.0
44,45,0.06779199999999999,344.80269058295966,362.3216898749115,0.3460133741345153,0.26889531100719327,0.5816804408307605,1.0732590180780452,254.0,254.0,254.0,187.8232239792306,187.8232239792306,187.8232239792306,0.0,0.0,0.0
45,46,0.181248,265.2539724576271,238.5770656779661,0.5577509637138187,0.4292981384707404,-1.4708327696069643,1.8568611819065977,254.0,254.0,254.0,185.95471398305085,185.95471398305085,185.95471398305085,0.0,0.0,0.0
46,47,0.268592,254.1697146601537,716.1672127241318,0.6132892084791772,0.5650803520861177,0.5060698984093586,2.153263202160151,254.0,254.0,254.0,203.47751236075536,203.4776315005659,203.4776315005659,0.0,0.0,0.0
47,48,0.18243199999999998,246.23504648307315,881.5286791790913,0.506568889305719,0.4672898157134851,-0.5093178352394183,1.7107535341682734,254.0,254.0,254.0,195.26179617610944,195.26179617610944,195.26179617610944,0.0,0.0,0.0
48,49,0.030688,256.0020855057351,800.5928050052138,0.26175650768121483,0.15139520199132547,0.16423868229740823,0.6912447327281723,254.0,254.0,254.0,171.67153284671534,171.67153284671534,171.67153284671534,0.0,0.0,0.0
49,50,0.107136,359.4750597371565,861.4541517323776,0.4529950223174546,0.3074799135192417,-0.5346433787915894,1.3273910524340096,254.0,254.0,254.0,193.87738948626045,193.87738948626045,193.87738948626045,0.0,0.0,0.0
50,51,0.117088,547.7312107133097,802.2484285323859,0.4325493704289066,0.3546398826261467,-1.2547257742014941,1.4575676759431466,254.0,254.0,254.0,195.18174364580486,195.18174364580486,195.18174364580486,0.0,0.0,0.0
51,52,0.044,613.2647272727273,813.4694545454546,0.25758534960768065,0.2230195250675895,-1.2735799807086214,0.8217544007200505,254.0,254.0,254.0,174.46945454545454,174.46945454545454,174.46945454545454,0.0,0.0,0.0
52,53,0.043008,622.3917410714286,719.6540178571429,0.2809842785598988,0.19776200291830986,-0.3066924332515345,0.8152935059634514,254.0,254.0,254.0,190.26153273809524,190.26153273809524,190.26153273809524,0.0,0.0,0.0
53,54,0.028336,565.5465838509317,672.9994353472614,0.21912439503687825,0.1719777220522591,-1.0803501154565207,0.6818721497261419,254.0,254.0,254.0,181.20045172219085,181.20045172219085,181.20045172219085,0.0,0.0,0.0
54,55,0.032048,554.1377933100349,717.0948577134299,0.22420706545672073,0.1889326609133461,0.5206985866070711,0.706842712474619,254.0,254.0,254.0,172.85921118322517,172.85921118322517,172.85921118322517,0.0,0.0,0.0
55,56,0.10899199999999999,833.6495889606576,1091.8800645918966,0.3913770891897934,0.3606583276010222,-0.7065352555173948,1.314940258945177,254.0,254.0,254.0,198.2881679389313,198.2881679389313,198.2881679389313,0.0,0.0,0.0
56,57,0.11191999999999999,879.1482487491065,630.4966404574697,0.4181273858193331,0.3512987916801112,0.9223751459041751,1.3288326112068523,254.0,254.0,254.0,196.8265904217298,196.8265904217298,196.8265904217298,0.0,0.0,0.0
57,58,0.063312,878.6396259792772,762.6765226181451,0.3533973529587639,0.23029000107907216,-0.3013547313325711,1.0030092347159894,254.0,254.0,254.0,186.60929997472832,186.60929997472832,186.60929997472832,0.0,0.0,0.0
58,59,0.09718399999999999,840.7548567665459,699.8137965097135,0.39718812891166,0.31779852659534397,1.0767536194408807,1.2477930726875628,254.0,254.0,254.0,186.2673691142575,186.2673691142575,186.2673691142575,0.0,0.0,0.0
59,60,0.138096,512.1413509442707,136.69621133124784,0.47924895289978514,0.381801165239382,0.868129357647925,1.5527636354360397,254.0,254.0,254.0,182.87707102305643,182.87707102305643,182.87707102305643,0.0,0.0,0.0
60,61,0.06486399999999999,81.2520966946226,208.7409965466206,0.3087693262300309,0.27156713303554786,0.9332701099680583,0.9984894654563448,254.0,254.0,254.0,173.5392205229403,173.5392205229403,173.5392205229403,0.0,0.0,0.0
61,62,0.085616,21.461222201457673,187.5998878714259,0.5486560100180917,0.20568219609228555,-1.513995637954851,1.320097546470558,254.0,254.0,254.0,178.6722108017193,178.6722108017193,178.6722108017193,0.0,0.0,0.0
62,63,0.0672,40.55904761904762,23.727619047619047,0.3911649673700028,0.22846848041423018,-0.17095652618400134,1.0803330444827408,252.0,252.0,252.0,178.29190476190476,178.29190476190476,178.29190476190476,0.0,0.0,0.0
63,64,0.07768,330.1524201853759,34.918022657054586,0.37864050759667545,0.26901036736526285,-0.46493480865321685,1.168430590953299,254.0,254.0,254.0,180.57095777548918,180.57095777548918,180.57095777548918,0.0,0.0,0.0
64,65,0.061135999999999996,403.09002878827533,33.79586495681759,0.2937551568863467,0.2666206882416094,1.254082761610748,0.9583229432149742,254.0,254.0,254.0,172.4598272703481,172.4598272703481,172.4598272703481,0.0,0.0,0.0
65,66,0.06550399999999999,394.423790913532,238.64167073766487,0.32893138650568626,0.2610585489313776,0.08929507694857919,1.025636651713959,254.0,254.0,254.0,183.2134831460674,183.2134831460674,183.2134831460674,0.0,0.0,0.0
66,67,0.05608,400.2998573466476,171.20114122681883,0.3213674815774657,0.22858560988501497,-0.9915299435066308,0.9918620484583751,254.0,254.0,254.0,180.13323823109843,180.13323823109843,180.13323823109843,0.0,0.0,0.0
67,68,0.041904,446.86292478045056,190.94234440626192,0.2531660202157173,0.21629474996748346,-1.4709520530416023,0.8096366517139589,254.0,254.0,254.0,173.81901489117985,173.81901489117985,173.81901489117985,0.0,0.0,0.0
68,69,0.10608,376.42217194570134,477.7582202111614,0.4632625952297976,0.3019984780796981,1.3815718307654246,1.34476363543604,254.0,254.0,254.0,194.3131221719457,194.3131221719457,194.3131221719457,0.0,0.0,0.0
69,70,0.043808,338.71950328707084,534.5829072315559,0.2545641442692397,0.22512894145148754,0.06086330752420137,0.8140874452027913,254.0,254.0,254.0,178.0781592403214,178.0781592403214,178.0781592403214,0.0,0.0,0.0
70,71,0.058272,301.55107084019767,488.4544206479956,0.28054738440049465,0.27026096901842,1.0988311145593586,0.924714862200761,254.0,254.0,254.0,185.4678747940692,185.4678747940692,185.4678747940692,0.0,0.0,0.0
71,72,0.051983999999999995,194.4115112342259,523.224376731302,0.35181707127050976,0.19559862151055407,-1.0042624553184092,0.9510580079512685,254.0,254.0,254.0,187.8054786088027,187.8054786088027,187.8054786088027,0.0,0.0,0.0
72,73,0.037856,381.01859678782756,575.9247675401522,0.23589884590066673,0.20603587547021335,-0.9751903436682029,0.7470092347159895,254.0,254.0,254.0,181.29501267962806,181.29501267962806,181.29501267962806,0.0,0.0,0.0
73,74,0.051247999999999995,374.4461442397752,640.0159225725882,0.2919721343352334,0.2273341902836488,0.051805271640051165,0.9091168824543142,254.0,254.0,254.0,177.49484857945677,177.49484857945677,177.49484857945677,0.0,0.0,0.0
74,75,0.044944,356.6828052687789,706.0815236739053,0.2857709259915523,0.20434290726262677,-1.248668742129452,0.8722640687119285,254.0,254.0,254.0,184.05055179779282,184.05055179779282,184.05055179779282,0.0,0.0,0.0
75,76,0.054064,449.8970109499852,651.5306303640131,0.3234566997064689,0.21882692840608234,0.10338372599715732,0.9292346314604056,254.0,254.0,254.0,190.82361645457235,190.82361645457235,190.82361645457235,0.0,0.0,0.0
76,77,0.072992,451.1058746163963,541.0589653660675,0.36144845472737586,0.2642933854279991,-0.2076704367113709,1.101685424949238,254.0,254.0,254.0,194.5300306882946,194.5300306882946,194.5300306882946,0.0,0.0,0.0
77,78,0.047408,403.9257509281134,364.25447181910226,0.30356663847827176,0.2104005895747544,-1.3752141142822194,0.8758132752230963,254.0,254.0,254.0,186.63314208572393,186.63347958150524,186.63347958150524,0.0,0.0,0.0
78,79,0.046112,796.3501040943789,621.4535045107564,0.3031917247375833,0.2006227311330861,-0.05020601797513863,0.8826072144624362,254.0,254.0,254.0,184.55412907702984,184.55412907702984,184.55412907702984,0.0,0.0,0.0
79,80,0.026864,841.5717689100655,563.4061941631924,0.20018734945333885,0.18177019996717939,-0.668416534424974,0.6890681092190353,254.0,254.0,254.0,157.68552709946397,157.68552709946397,157.68552709946397,0.0,0.0,0.0
80,81,0.08488,748.1915174363808,829.9344015080113,0.35989208345421847,0.31373903300222444,-0.1907905896553231,1.2000285706997456,254.0,254.0,254.0,198.2277097078228,198.2277097078228,198.2277097078228,0.0,0.0,0.0
81,82,0.050608,682.7176730951628,820.9440404679102,0.2916582232124726,0.22544531128414505,-1.3319445465832,0.9112935059634514,254.0,254.0,254.0,183.19032564021498,183.19032564021498,183.19032564021498,0.0,0.0,0.0
82,83,0.045536,641.3092059030217,913.0007027406887,0.29710491317295484,0.2030289766145399,0.9609239133094484,0.8623229432149743,254.0,254.0,254.0,172.61103302881236,172.61103302881236,172.61103302881236,0.0,0.0,0.0
83,84,0.108704,565.700323815131,917.0677068001178,0.391496090095412,0.370187156746096,0.4730692749625323,1.3465382386916236,254.0,254.0,254.0,179.90535766853105,179.90535766853105,179.90535766853105,0.0,0.0,0.0
84,85,0.033344,82.0263915547025,835.8051823416507,0.21370017254979498,0.19976932977602138,-1.310870701600747,0.6818721497261419,254.0,254.0,254.0,177.9352207293666,177.9352207293666,177.9352207293666,0.0,0.0,0.0
85,86,0.066928,569.7069089170452,216.8969639015061,0.3277915081165933,0.2634932059766793,-0.25500750150118273,1.0234600282048218,254.0,254.0,254.0,172.51207267511356,172.51207267511356,172.51207267511356,0.0,0.0,0.0
86,87,0.16096,712.2915506958251,51.578230616302186,0.548291910503074,0.3900157289082286,-0.2825379052323587,1.6824692629208111,253.0,253.0,253.0,167.25536779324057,167.25536779324057,167.25536779324057,0.0,0.0,0.0
87,88,0.053439999999999994,607.7961077844311,24.148802395209582,0.3284871097407053,0.2277748733550525,-0.4023972582771563,1.072097546470558,254.0,254.0,254.0,174.59251497005988,174.59251497005988,174.59251497005988,0.0,0.0,0.0
88,89,0.02456,553.1602605863192,15.760912052117265,0.21292225880903737,0.1590054269525371,0.32612730145083363,0.6596467529817257,254.0,254.0,254.0,156.05798045602606,156.05798045602606,156.05798045602606,0.0,0.0,0.0
89,90,0.039504,373.16848926690966,89.2940461725395,0.2455127927495053,0.21181693713824196,-0.06882902730517942,0.8312935059634513,254.0,254.0,254.0,173.03928716079383,173.03928716079383,173.03928716079383,0.0,0.0,0.0
90,91,0.029088,436.2161716171617,86.40869086908691,0.19924515416354568,0.18844717074639047,-0.8255921182699834,0.6523818177180198,254.0,254.0,254.0,168.56930693069307,168.56930693069307,168.56930693069307,0.0,0.0,0.0
91,92,0.039376,22.16497358797237,1053.4888256806175,0.25902146965795,0.1987481412735996,-1.3383892060664704,0.7963818177180199,254.0,254.0,254.0,167.62982527427874,167.62982527427874,167.62982527427874,0.0,0.0,0.0
92,93,0.054688,736.7440023405501,982.7486834406085,0.2861171351392543,0.24555932361161203,1.1002789092521967,0.8888326112068523,254.0,254.0,254.0,182.17992978349912,182.17992978349912,182.17992978349912,0.0,0.0,0.0
93,94,0.051519999999999996,896.7658385093167,1165.1776397515528,0.3264144067407413,0.2357244562085124,-1.2933839444370034,1.0162640687119284,254.0,254.0,254.0,180.03509316770186,180.03509316770186,180.03509316770186,0.0,0.0,0.0
94,95,0.058207999999999996,875.4463991203958,815.542330951072,0.4245910083603347,0.18570728775937012,-0.17402509211781844,1.0796955262170047,254.0,254.0,254.0,175.24436503573392,175.24436503573392,175.24436503573392,0.0,0.0,0.0
95,96,0.101328,785.3412284857097,763.7194062845413,0.42472075868523274,0.3318310475102466,0.3794383441798797,1.5314398256692885,254.0,254.0,254.0,184.8886783514922,184.8886783514922,184.8886783514922,0.0,0.0,0.0
96,97,0.08275199999999999,635.1664733178654,538.9141531322506,0.342768142323904,0.31469716106598833,0.5922964360202199,1.1500874452027916,254.0,254.0,254.0,192.9922660479505,192.9922660479505,192.9922660479505,0.0,0.0,0.0
97,98,0.2892,196.59059474412172,84.61831258644537,0.6499262559339493,0.5767393068670302,-0.08996212094738595,2.2168611819065984,254.0,254.0,254.0,173.0913969571231,173.0913969571231,173.0913969571231,0.0,0.0,0.0
98,99,0.062079999999999996,102.38324742268041,145.35463917525774,0.3175944317096622,0.2602486911413352,0.3562493460834872,1.1239108216936542,254.0,254.0,254.0,180.959793814433,180.959793814433,180.959793814433,0.0,0.0,0.0
99,100,0.048336,155.52300562727572,191.1972856669977,0.2745460079019855,0.232922074233478,-0.8749839557647673,0.9117442994522837,254.0,254.0,254.0,173.82356835484939,173.82356835484939,173.82356835484939,0.0,0.0,0.0
100,101,0.075472,195.02119991520033,619.7928768284927,0.3549243608893443,0.27331787306585265,-0.034250865392749894,1.072999133448223,254.0,254.0,254.0,180.23489506041975,180.23489506041975,180.23489506041975,0.0,0.0,0.0
101,102,0.081024,190.33234597156397,811.8424170616114,0.37792846283062903,0.2864648832445355,1.5215561088372644,1.2560773439350246,254.0,254.0,254.0,193.60584518167457,193.60584518167457,193.60584518167457,0.0,0.0,0.0
102,103,0.07060799999999999,136.70292318150916,835.6048039882166,0.39161087460101895,0.24046971568558678,1.2593104793525258,1.1052346314604056,254.0,254.0,254.0,180.1821889870836,180.1821889870836,180.1821889870836,0.0,0.0,0.0
103,104,0.063008,323.8478923311325,989.3202133062468,0.31634457150974465,0.2576830460159042,0.9099522933200118,0.9928326112068524,254.0,254.0,254.0,176.87455561198578,176.87455561198578,176.87455561198578,0.0,0.0,0.0
104,105,0.040192,458.7543789808917,1088.3232484076434,0.25690799620319077,0.20306971880851984,0.12853170336043393,0.8170681092190353,254.0,254.0,254.0,185.30374203821657,185.30374203821657,185.30374203821657,0.0,0.0,0.0
105,106,0.06104,483.74076015727394,1184.1583224115334,0.33904436172498237,0.23551321776750994,-0.4152308885246644,1.008195092941116,254.0,254.0,254.0,187.30170380078636,187.30170380078636,187.30170380078636,0.0,0.0,0.0
106,107,0.042192,588.2726583238529,1178.0997345468336,0.2993683215662932,0.18202088073490133,0.05152413163576796,0.8264406922210658,254.0,254.0,254.0,172.48540007584376,172.48540007584376,172.48540007584376,0.0,0.0,0.0
107,108,0.036351999999999995,769.775088028169,1199.036971830986,0.26246122487897705,0.18319254861667042,1.033097740591562,0.7839310242291877,253.0,253.0,253.0,170.86795774647888,170.86795774647888,170.86795774647888,0.0,0.0,0.0
108,109,0.044736,719.7024320457797,1204.2271101573676,0.27929733914003324,0.21760932099758873,0.030054677414646114,0.8738721497261418,254.0,254.0,254.0,176.74320457796853,176.74320457796853,176.74320457796853,0.0,0.0,0.0
109,110,0.0504,751.3060317460317,217.21238095238095,0.2739896734960302,0.24420124950956665,-0.8751940731439718,0.9938031739553294,254.0,254.0,254.0,164.34317460317462,164.34317460317462,164.34317460317462,0.0,0.0,0.0
110,111,0.040784,763.5464888191448,273.58532757944295,0.24344155824563055,0.21949056191054117,0.925064397336192,0.8090681092190352,254.0,254.0,254.0,160.59199686151433,160.59199686151433,160.59199686151433,0.0,0.0,0.0
111,112,0.043504,681.9429937477014,200.70393527031996,0.2511082732275018,0.22749915297138099,0.04008950062917617,0.8830092347159895,253.0,253.0,253.0,169.92865023905847,169.92865023905847,169.92865023905847,0.0,0.0,0.0
112,113,0.054495999999999996,343.4251321197886,785.3385202583676,0.28088162989250987,0.2526811526701048,0.9396587257765442,0.924146319705837,254.0,254.0,254.0,187.15325895478568,187.15325895478568,187.15325895478568,0.0,0.0,0.0
113,114,0.045856,453.67864619678994,266.55443126308444,0.273176952745143,0.2239500686984188,-1.4311854366838768,0.8882640687119285,254.0,254.0,254.0,186.1360781577111,186.1360781577111,186.1360781577111,0.0,0.0,0.0
114,115,0.039327999999999995,472.8413344182262,21.766883645240032,0.26355525385377754,0.20304746534979437,-0.43251908116192417,0.8215878784786801,254.0,254.0,254.0,175.85882831570382,175.85882831570382,175.85882831570382,0.0,0.0,0.0
115,116,0.050367999999999996,146.99968233799237,911.4116899618806,0.263041009671651,0.24898351929814394,0.7092910354982664,0.864097546470558,254.0,254.0,254.0,185.94250317662008,185.94250317662008,185.94250317662008,0.0,0.0,0.0
116,117,0.085696,31.905339805825243,957.1708364451083,0.392534683357967,0.32417429978825735,1.541250416709741,1.3032245301926388,254.0,254.0,254.0,191.61165048543688,191.61165048543688,191.61165048543688,0.0,0.0,0.0
117,118,0.11377599999999999,799.8334973983968,885.9534523976937,0.44931091885098734,0.33650613996084777,-0.8583505081722868,1.375224530192639,254.0,254.0,254.0,187.70679229362958,187.7069329208269,187.7069329208269,0.0,0.0,0.0
118,119,0.030719999999999997,863.7177083333333,1000.1854166666667,0.20185749782845386,0.19541771289952245,1.2627073037255303,0.6687838379715733,254.0,254.0,254.0,182.69583333333333,182.69583333333333,182.69583333333333,0.0,0.0,0.0
119,120,0.021519999999999997,610.1866171003718,586.3955390334572,0.1935414014653836,0.1448109159155403,0.8413254744819914,0.568097546470558,254.0,254.0,254.0,145.7167286245353,145.7167286245353,145.7167286245353,0.0,0.0,0.0
120,121,0.088112,248.1639731251135,539.9408026148539,0.38346677097059506,0.3084323591321613,-0.8575586230881973,1.2091656556895933,254.0,254.0,254.0,181.8990375885237,181.8990375885237,181.8990375885237,0.0,0.0,0.0
121,122,0.07060799999999999,144.22093813732155,685.5297983231362,0.3139884891070949,0.2934730803683636,1.5594540247726982,1.0408326112068524,254.0,254.0,254.0,188.69249943349195,188.69249943349195,188.69249943349195,0.0,0.0,0.0
122,123,0.054431999999999994,91.29864785420341,909.9529688418577,0.3104986504830173,0.2385575067330234,-1.4316471218827866,1.0012346314604057,254.0,254.0,254.0,195.2910052910053,195.2910052910053,195.2910052910053,0.0,0.0,0.0
123,124,0.042831999999999995,86.62084422861412,1159.7564437803512,0.2500306626030365,0.224409162650492,1.361573912185998,0.8472935059634514,254.0,254.0,254.0,183.0127007844602,183.0127007844602,183.0127007844602,0.0,0.0,0.0
124,125,0.038256,409.3174404015056,897.6599749058971,0.26406971754919356,0.19201366721204036,-1.0270961065098458,0.8318620484583752,254.0,254.0,254.0,190.6612296110414,190.6612296110414,190.6612296110414,0.0,0.0,0.0
125,126,0.029103999999999998,404.12259483232543,1143.7031335898846,0.2144283652234153,0.17718915930226226,0.6946406865592167,0.6598132752230962,254.0,254.0,254.0,179.90104452996152,179.90104452996152,179.90104452996152,0.0,0.0,0.0
126,127,0.038079999999999996,468.47773109243695,1135.2978991596638,0.3305920914827923,0.1518933287561508,-0.3683577481308072,0.8594112549695428,254.0,254.0,254.0,144.56974789915967,144.56974789915967,144.56974789915967,0.0,0.0,0.0
127,128,0.046383999999999995,660.4594687823387,1166.6843739220421,0.25989729144857365,0.23256814575392104,0.11053360033745145,0.8788914857098981,254.0,254.0,254.0,181.20593308037255,181.20593308037255,181.20593308037255,0.0,0.0,0.0
128,129,0.040448,767.564082278481,1098.293908227848,0.2822398717219327,0.19793828755963846,0.8906868339566834,0.846891485709898,254.0,254.0,254.0,169.77729430379748,169.77729430379748,169.77729430379748,0.0,0.0,0.0
129,130,0.026255999999999998,792.4442413162706,1044.7562461913467,0.21662410177539143,0.1567776153090394,-0.5525086791169628,0.6362152954766496,254.0,254.0,254.0,161.08531383302864,161.08531383302864,161.08531383302864,0.0,0.0,0.0
130,131,0.048672,728.9641683103222,719.904996712689,0.3131915586845471,0.2050937424042637,-0.11844058711635681,0.9114600282048219,254.0,254.0,254.0,186.79158448389217,186.79158448389217,186.79158448389217,0.0,0.0,0.0
131,132,0.044176,690.9558131111916,669.0264396957624,0.2954586709437086,0.19363891914578873,-1.3340395754729573,0.8505828278447967,253.0,253.0,253.0,170.48533140166606,170.48533140166606,170.48533140166606,0.0,0.0,0.0
132,133,0.028256,600.9682899207248,674.9682899207248,0.27929316069647747,0.1315201741715313,-1.3539918654308534,0.7119310242291876,254.0,254.0,254.0,166.33578708946771,166.33578708946771,166.33578708946771,0.0,0.0,0.0
133,134,0.040799999999999996,620.0501960784313,861.1125490196079,0.36232996237522624,0.16395320208021757,-0.3177022799151444,0.9440285706997457,254.0,254.0,254.0,231.35372549019607,231.35372549019607,231.35372549019607,0.0,0.0,0.0
134,135,0.041263999999999995,324.0550601008143,301.22954633578905,0.2590368577168806,0.207280113956763,-0.9573960879485,0.793636651713959,254.0,254.0,254.0,173.4400930593253,173.4400930593253,173.4400930593253,0.0,0.0,0.0
135,136,0.11785599999999999,587.3269074124355,118.03326092859082,0.5224697719237984,0.2931337336740541,1.1898535158751964,1.4563616151824867,254.0,254.0,254.0,171.47040456149878,171.47040456149878,171.47040456149878,0.0,0.0,0.0
136,137,0.013472,462.1520190023753,584.0973871733967,0.16656829915795035,0.10704125858011036,-0.6314691722051147,0.4611858582251266,254.0,254.0,254.0,127.93111638954869,127.93111638954869,127.93111638954869,0.0,0.0,0.0
137,138,0.044848,671.5708169818053,750.3043168034249,0.3164083410123897,0.18267307068648045,-1.50274338255998,0.8543229432149743,254.0,254.0,254.0,164.91509097395647,164.91509097395647,164.91509097395647,0.0,0.0,0.0
138,139,0.0332,422.9079518072289,599.6226506024096,0.21958292381452843,0.20306442907208758,1.1581005528732518,0.7230092347159894,254.0,254.0,254.0,161.25542168674698,161.25542168674698,161.25542168674698,0.0,0.0,0.0
139,140,0.035392,501.13607594936707,232.47694394213383,0.2743940386520434,0.1858294657878642,-0.8633221358808655,1.017636651713959,254.0,254.0,254.0,147.7888788426763,147.78933092224233,147.78933092224233,0.0,0.0,0.0
140,141,0.027375999999999998,730.1239041496201,163.98071303331386,0.21179865518196922,0.17528528902610152,0.7156357787663341,0.6880975464705581,253.0,253.0,253.0,139.35885447106955,139.35885447106955,139.35885447106955,0.0,0.0,0.0
